PRODUCT_A,PRODUCT_B,OCCURRENCES,SUPPORT,CONFIDENCE,LIFT_RATIO
Surge Protector & Refrigerator,Xerox & Accessories,288,0.028817290374224536,0.6180257510729614,4.295235991810276
Labels & Stickers,Xerox & Accessories,229,0.02291374824894937,0.6291208791208792,4.372346360176681
Envelopes,Furniture Accessories,190,0.019011406844106463,0.7480314960629921,3.5246708022883277
Envelopes,Xerox & Accessories,173,0.017310386231739045,0.6811023622047245,4.733614052763572
